,RMSE,entropy_q,KL_q_to_initial,KL_q_to_final,KL_q_to_true,KL_q_to_prior,entropy_initial,KL_initial_to_q,KL_initial_to_final,KL_initial_to_true,KL_initial_to_prior,entropy_final,KL_final_to_q,KL_final_to_initial,KL_final_to_true,KL_final_to_prior,entropy_true,KL_true_to_q,KL_true_to_initial,KL_true_to_final,KL_true_to_prior,entropy_prior,KL_prior_to_q,KL_prior_to_initial,KL_prior_to_final,KL_prior_to_true
0,0.6216446995021879,2.2829591170257775,0.056287287884175884,0,0.9755497076328746,0.22902335198331333,2.4591537656680833,0.013654843550474643,0.013654843550474643,0.9583656172118528,0.13405058537975995,2.2829591170257775,0,0.056287287884175884,0.9755497076328746,0.22902335198331333,0.23354970062534264,2.175403323648533,2.2647377273987006,2.175403323648533,2.587744890257398,2.8217367717916533,0.11481612823324387,0.04377797962459597,0.11481612823324387,0.9921223995086631
