,RMSE,entropy_q,KL_q_to_initial,KL_q_to_final,KL_q_to_true,KL_q_to_prior,entropy_initial,KL_initial_to_q,KL_initial_to_final,KL_initial_to_true,KL_initial_to_prior,entropy_final,KL_final_to_q,KL_final_to_initial,KL_final_to_true,KL_final_to_prior,entropy_true,KL_true_to_q,KL_true_to_initial,KL_true_to_final,KL_true_to_prior,entropy_prior,KL_prior_to_q,KL_prior_to_initial,KL_prior_to_final,KL_prior_to_true
0,0.5563205208068321,-inf,inf,inf,inf,inf,2.4591537656680833,3.1185571315162735,0.16838363103066414,0.9583656172118528,0.13662603052768027,-inf,2.596231428789699,0.27166057985611425,0.5721435987030943,0.4857610483887903,0.23354970062534264,4.084920218162833,2.2647377273987006,1.8140634351935447,2.5235170640164513,2.8271000461900293,3.122216450029759,0.04373614930740924,0.2477118089164124,0.951323845103755
