,RMSE,entropy_q,KL_q_to_initial,KL_q_to_final,KL_q_to_true,KL_q_to_prior,entropy_initial,KL_initial_to_q,KL_initial_to_final,KL_initial_to_true,KL_initial_to_prior,entropy_final,KL_final_to_q,KL_final_to_initial,KL_final_to_true,KL_final_to_prior,entropy_true,KL_true_to_q,KL_true_to_initial,KL_true_to_final,KL_true_to_prior,entropy_prior,KL_prior_to_q,KL_prior_to_initial,KL_prior_to_final,KL_prior_to_true
0,0.5793264444616677,2.160840713181938,0.3822408786909128,0,0.44804511987513707,0.491899632484401,2.4591537656680833,0.22913065968726223,0.22913065968726223,0.9583656172118528,0.13665434885361047,2.160840713181938,0,0.3822408786909128,0.44804511987513707,0.491899632484401,0.23354970062534264,1.573360345102739,2.2647377273987006,1.573360345102739,2.5562278871737214,2.8157204746861897,0.24688702145614916,0.0546561552976676,0.24688702145614916,0.9822446524463233
