,entropy,KL_prior,log_prob,cal_err,map_err,MMD,KL,KL_rev,Time,KL_q_to_true,KL_q_to_prior,KL_true_to_q,KL_true_to_prior,KL_prior_to_q,KL_prior_to_true
0,1.388483935872073,1.161798609541848,-0.12552407383918762,0.4846236285008828,0.08629117432114324,0.24693278968624507,1.6724348779319562,0.3722565238968188,45.24858832359314,0.402228394516093,1.1348290556971898,1.7599243942512113,2.505151637155447,0.635513486404749,0.9455075975878364
