,RMSE,entropy_q,KL_q_to_initial,KL_q_to_final,KL_q_to_true,KL_q_to_prior,entropy_initial,KL_initial_to_q,KL_initial_to_final,KL_initial_to_true,KL_initial_to_prior,entropy_final,KL_final_to_q,KL_final_to_initial,KL_final_to_true,KL_final_to_prior,entropy_true,KL_true_to_q,KL_true_to_initial,KL_true_to_final,KL_true_to_prior,entropy_prior,KL_prior_to_q,KL_prior_to_initial,KL_prior_to_final,KL_prior_to_true
0,0.6581982608921156,-inf,inf,inf,inf,inf,2.5211631563346995,2.993293857597688,0.10308582835077844,0.9814625808191374,0.11435236840577002,-inf,2.6648606560415176,0.18216655023982278,0.7479470599049024,0.3615475106471303,0.23354970062534264,4.902675558022471,2.3295834654620724,2.0326335839597807,2.5398359411528824,2.8181696107278498,2.992872460704325,0.04691536326055504,0.18518106462608355,0.9579305151368919
