,RMSE,entropy_q,KL_q_to_initial,KL_q_to_final,KL_q_to_true,KL_q_to_prior,entropy_initial,KL_initial_to_q,KL_initial_to_final,KL_initial_to_true,KL_initial_to_prior,entropy_final,KL_final_to_q,KL_final_to_initial,KL_final_to_true,KL_final_to_prior,entropy_true,KL_true_to_q,KL_true_to_initial,KL_true_to_final,KL_true_to_prior,entropy_prior,KL_prior_to_q,KL_prior_to_initial,KL_prior_to_final,KL_prior_to_true
0,0.586114456858383,2.8424454528149434,0.0477246084640879,0.2258281076035805,0.9752185264806135,0.0030163398242437933,2.5211631563346995,0.10997056119817829,0.23127314999861576,0.9814625808191374,0.10013914058359938,2.1295447450510636,0.4626603257697029,0.3809977494737907,0.5076109853542788,0.4493554781448817,0.23354970062534264,2.537076751394579,2.3295834654620724,1.6456564093270842,2.5010426197226763,2.8119717891612463,0,0.02788692460651365,0.20469101946389512,0.9541783511656945
