,entropy,KL_prior,log_prob,cal_err,map_err,MMD,KL,KL_rev,Time,KL_q_to_true,KL_q_to_prior,KL_true_to_q,KL_true_to_prior,KL_prior_to_q,KL_prior_to_true
0,1.410908894230003,1.1294774352262904,-0.3339153528213501,0.7386665610024655,0.1042007768022406,0.25316512756295456,2.041805541577212,0.652982972326912,46.16488695144653,0.6255586399250186,1.1463717478063173,2.025628291343936,2.5243212283383305,0.6540429108661276,0.9488304764182041
