,RMSE,entropy_q,KL_q_to_initial,KL_q_to_final,KL_q_to_true,KL_q_to_prior,entropy_initial,KL_initial_to_q,KL_initial_to_final,KL_initial_to_true,KL_initial_to_prior,entropy_final,KL_final_to_q,KL_final_to_initial,KL_final_to_true,KL_final_to_prior,entropy_true,KL_true_to_q,KL_true_to_initial,KL_true_to_final,KL_true_to_prior,entropy_prior,KL_prior_to_q,KL_prior_to_initial,KL_prior_to_final,KL_prior_to_true
0,0.5750305605655616,2.8302132616186952,0.05108966416895852,0.2041757728884468,1.008331869493164,0,2.47827397389078,0.14033774307823987,0.13611336965253115,0.9400681708019539,0.11928498704863666,2.2373782823435304,0.431365261302965,0.26679323191117477,0.608084858110725,0.4017720283398076,0.23354970062534264,2.6090850395631393,2.2522656287826415,1.7181236447578252,2.55199949140589,2.800054043840646,0.01100469887940207,0.039159736685990126,0.18005180600086443,0.9778003213416403
