,RMSE,entropy_q,KL_q_to_initial,KL_q_to_final,KL_q_to_true,KL_q_to_prior,entropy_initial,KL_initial_to_q,KL_initial_to_final,KL_initial_to_true,KL_initial_to_prior,entropy_final,KL_final_to_q,KL_final_to_initial,KL_final_to_true,KL_final_to_prior,entropy_true,KL_true_to_q,KL_true_to_initial,KL_true_to_final,KL_true_to_prior,entropy_prior,KL_prior_to_q,KL_prior_to_initial,KL_prior_to_final,KL_prior_to_true
0,0.6224274926987744,2.4121101739764157,0.04685584638965075,0,0.9854440892007267,0.16388406490323268,2.47827397389078,0.03225205235370649,0.03225205235370649,0.9400681708019539,0.12686621661175668,2.4121101739764157,0,0.04685584638965075,0.9854440892007267,0.16388406490323268,0.23354970062534264,2.2624046803030824,2.2522656287826415,2.2624046803030824,2.481820359166991,2.8184105800421664,0.07650780875527902,0.037823506214941495,0.07650780875527902,0.9340492274989544
