,RMSE,entropy_q,KL_q_to_initial,KL_q_to_final,KL_q_to_true,KL_q_to_prior,entropy_initial,KL_initial_to_q,KL_initial_to_final,KL_initial_to_true,KL_initial_to_prior,entropy_final,KL_final_to_q,KL_final_to_initial,KL_final_to_true,KL_final_to_prior,entropy_true,KL_true_to_q,KL_true_to_initial,KL_true_to_final,KL_true_to_prior,entropy_prior,KL_prior_to_q,KL_prior_to_initial,KL_prior_to_final,KL_prior_to_true
0,0.6357936168699068,-inf,0.4064335247214699,0,0.4969132787253545,0.47710694789369634,2.47827397389078,0.2586232293920487,0.2586232293920487,0.9400681708019539,0.12499580916714716,-inf,0,0.4064335247214699,0.4969132787253545,0.47710694789369634,0.23354970062534264,1.5674232676034703,2.2522656287826415,1.5674232676034703,2.5408725622651267,2.7984462343507097,0.2141784784212672,0.04510637372912848,0.2141784784212672,0.9696153268719608
