,entropy,KL_prior,log_prob,cal_err,map_err,MMD,KL,KL_rev,Time,KL_q_to_true,KL_q_to_prior,KL_true_to_q,KL_true_to_prior,KL_prior_to_q,KL_prior_to_true
0,1.6791804279475135,0.9963956211847452,-0.29428282380104065,0.7533120212069674,0.06646070852614336,0.26023362969967057,2.07468479504702,0.6288904093373815,48.92260694503784,0.6419482901355607,1.0315314479974005,2.055774650153556,2.4712550116963974,0.6191206965799224,0.9612549345585255
