,entropy_initial,KL_initial_to_final,KL_initial_to_true,entropy_final,KL_final_to_initial,KL_final_to_true,entropy_true,KL_true_to_initial,KL_true_to_final
0,5.376899339753784,0.22042482887875234,0.8834076201219817,-inf,0.23413973954095027,0.24860215932579885,-inf,1.9417850626628725,1.4352035346402154
