,entropy_initial,KL_initial_to_final,KL_initial_to_true,entropy_final,KL_final_to_initial,KL_final_to_true,entropy_true,KL_true_to_initial,KL_true_to_final
0,5.376899339753784,0.4005118616451519,0.8834076201219817,5.107811819846807,0.4139842245685285,0.2348638938447478,-inf,1.9417850626628725,1.3039111885015802
