,entropy_initial,KL_initial_to_final,KL_initial_to_true,entropy_final,KL_final_to_initial,KL_final_to_true,entropy_true,KL_true_to_initial,KL_true_to_final
0,5.376899339753784,0.010970582101764825,0.8834076201219817,-inf,0.1663770033752691,0.6485649594669408,-inf,1.9417850626628725,1.6364194993335155
