,FullGPVariationalStrategy,FullGPEntropyStrategy,FullGPIMSPEStrategy,FullGPRandomStrategy
entropy_initial,5.376899339753784,5.376899339753784,5.376899339753784,5.376899339753784
KL_initial_to_final,0.36940402526284744,0.22042482887875234,0.010970582101764825,0.4005118616451519
KL_initial_to_true,0.8834076201219817,0.8834076201219817,0.8834076201219817,0.8834076201219817
entropy_final,4.839341698651678,-inf,-inf,5.107811819846807
KL_final_to_initial,0.4998874962260234,0.23413973954095027,0.1663770033752691,0.4139842245685285
KL_final_to_true,0.09110944115417466,0.24860215932579885,0.6485649594669408,0.2348638938447478
entropy_true,-inf,-inf,-inf,-inf
KL_true_to_initial,1.9417850626628725,1.9417850626628725,1.9417850626628725,1.9417850626628725
KL_true_to_final,1.0826650097933403,1.4352035346402154,1.6364194993335155,1.3039111885015802
