,entropy,KL_prior,log_prob,cal_err,map_err,MMD,KL,KL_rev,Time,KL_q_to_true,KL_q_to_prior,KL_true_to_q,KL_true_to_prior,KL_prior_to_q,KL_prior_to_true
0,0.17290679016561228,6.512415642965539,-22.777660369873047,1.1105691999528275,2.2276368445716646,0.6208753270030254,3.641430777663002,5.350619413582545,227.19066977500916,5.289176680887631,6.372952444481558,3.6304982115392117,2.277804651450601,2.73816617074801,1.112045727347834
