,RMSE,entropy_q,KL_q_to_initial,KL_q_to_final,KL_q_to_true,KL_q_to_prior,entropy_initial,KL_initial_to_q,KL_initial_to_final,KL_initial_to_true,KL_initial_to_prior,entropy_final,KL_final_to_q,KL_final_to_initial,KL_final_to_true,KL_final_to_prior,entropy_true,KL_true_to_q,KL_true_to_initial,KL_true_to_final,KL_true_to_prior,entropy_prior,KL_prior_to_q,KL_prior_to_initial,KL_prior_to_final,KL_prior_to_true
0,0.6075315211729833,2.3165545200744777,0.4023978116431306,0,1.0044858223082727,0.8024856471795193,-inf,0.4793244330769485,0.4793244330769485,1.9433282336288187,0.16988936540655572,2.3165545200744777,0,0.4023978116431306,1.0044858223082727,0.8024856471795193,0.0955955218697273,1.8596064575914226,2.6816141280761667,1.8596064575914226,3.2379813052847393,2.8128083779295237,0.9899403742961091,0.2266275586596308,0.9899403742961091,2.5890909688506474
