,RMSE,entropy_q,KL_q_to_initial,KL_q_to_final,KL_q_to_true,KL_q_to_prior,entropy_initial,KL_initial_to_q,KL_initial_to_final,KL_initial_to_true,KL_initial_to_prior,entropy_final,KL_final_to_q,KL_final_to_initial,KL_final_to_true,KL_final_to_prior,entropy_true,KL_true_to_q,KL_true_to_initial,KL_true_to_final,KL_true_to_prior,entropy_prior,KL_prior_to_q,KL_prior_to_initial,KL_prior_to_final,KL_prior_to_true
0,0.5546073793924683,1.5371606020345476,0.961498455027063,0,0.8765794946165866,1.4022526540687488,-inf,1.01079959721063,1.01079959721063,1.9433282336288187,0.1623629570549052,1.5371606020345476,0,0.961498455027063,0.8765794946165866,1.4022526540687488,0.0955955218697273,1.6122108960273738,2.6816141280761667,1.6122108960273738,3.1683664411920196,2.8538258039312643,1.5863929262259084,0.2161097220953536,1.5863929262259084,2.5582068396109463
