,RMSE,entropy_q,KL_q_to_initial,KL_q_to_final,KL_q_to_true,KL_q_to_prior,entropy_initial,KL_initial_to_q,KL_initial_to_final,KL_initial_to_true,KL_initial_to_prior,entropy_final,KL_final_to_q,KL_final_to_initial,KL_final_to_true,KL_final_to_prior,entropy_true,KL_true_to_q,KL_true_to_initial,KL_true_to_final,KL_true_to_prior,entropy_prior,KL_prior_to_q,KL_prior_to_initial,KL_prior_to_final,KL_prior_to_true
0,0.5676952055831148,2.842232732970152,0.21101656213572756,1.1655957024187242,2.563403063707406,0,-inf,0.17412430405263782,0.6870442611208972,1.9433282336288187,0.1614650226960365,1.8409764836014961,1.0592033476492106,0.6792039885825856,1.2689780672608533,1.042825643849834,0.0955955218697273,3.236751573766748,2.6816141280761667,1.9144263688204397,3.3114988190942607,2.8337460554105203,0.010737289626289413,0.2114806264070012,1.1651634780153526,2.5905557033932554
