,entropy,KL_prior,log_prob,cal_err,map_err,MMD,KL,KL_rev,Time,KL_q_to_true,KL_q_to_prior,KL_true_to_q,KL_true_to_prior,KL_prior_to_q,KL_prior_to_true
0,1.2225906320744153,1.7832085877800665,-0.27110540866851807,0.3776790579985762,0.08993413613896295,0.22249038616667938,1.273882261115874,0.5868201432037828,32.49673509597778,0.585238326567288,1.8163978627972075,1.272833802444076,3.2194793949738334,1.8956339800180673,2.5989618258330847
