,RMSE,entropy_q,KL_q_to_initial,KL_q_to_final,KL_q_to_true,KL_q_to_prior,entropy_initial,KL_initial_to_q,KL_initial_to_final,KL_initial_to_true,KL_initial_to_prior,entropy_final,KL_final_to_q,KL_final_to_initial,KL_final_to_true,KL_final_to_prior,entropy_true,KL_true_to_q,KL_true_to_initial,KL_true_to_final,KL_true_to_prior,entropy_prior,KL_prior_to_q,KL_prior_to_initial,KL_prior_to_final,KL_prior_to_true
0,0.577369355084499,2.862192140640576,0.20078232421318465,1.281601340250107,2.5826977397011763,0,-inf,0.17817632110954626,0.7177967376721875,1.8981415376202313,0.18857083296557756,2.001269975317001,1.024901178635357,0.576510242381858,1.2717832242056781,1.0374726660825306,0.0955955218697273,3.2787251242852755,2.5826459044735395,1.956831347388456,3.3001395523851675,2.803837868069712,0.001640260842193113,0.2304638626060433,1.3396053958322178,2.6079238927231767
