,RMSE,entropy_q,KL_q_to_initial,KL_q_to_final,KL_q_to_true,KL_q_to_prior,entropy_initial,KL_initial_to_q,KL_initial_to_final,KL_initial_to_true,KL_initial_to_prior,entropy_final,KL_final_to_q,KL_final_to_initial,KL_final_to_true,KL_final_to_prior,entropy_true,KL_true_to_q,KL_true_to_initial,KL_true_to_final,KL_true_to_prior,entropy_prior,KL_prior_to_q,KL_prior_to_initial,KL_prior_to_final,KL_prior_to_true
0,0.5927397148615741,2.1849096088919415,0.39477597418350185,0,1.1276357825327032,0.8078671900482226,-inf,0.4870430533690983,0.4870430533690983,1.8981415376202313,0.18957199994375626,2.1849096088919415,0,0.39477597418350185,1.1276357825327032,0.8078671900482226,0.0955955218697273,1.9308074616782298,2.5826459044735395,1.9308074616782298,3.255470795707256,2.7961409627845626,1.0143552117188344,0.2345352634358758,1.0143552117188344,2.625651018122427
