,RMSE,entropy_q,KL_q_to_initial,KL_q_to_final,KL_q_to_true,KL_q_to_prior,entropy_initial,KL_initial_to_q,KL_initial_to_final,KL_initial_to_true,KL_initial_to_prior,entropy_final,KL_final_to_q,KL_final_to_initial,KL_final_to_true,KL_final_to_prior,entropy_true,KL_true_to_q,KL_true_to_initial,KL_true_to_final,KL_true_to_prior,entropy_prior,KL_prior_to_q,KL_prior_to_initial,KL_prior_to_final,KL_prior_to_true
0,0.5318984467847002,-inf,inf,inf,inf,inf,-inf,2.9152557160047476,0.7919182468631174,1.8981415376202313,0.18092289894643532,1.1776761016104729,2.3273914228193404,1.1008211255893112,0.8892995660578857,1.589545383562205,0.0955955218697273,4.186625753566258,2.5826459044735395,1.7703944972196697,3.161005250190114,2.8503045972379653,3.2609451199396173,0.2047254011943436,1.338706319843999,2.525737608322588
