,RMSE,entropy_q,KL_q_to_initial,KL_q_to_final,KL_q_to_true,KL_q_to_prior,entropy_initial,KL_initial_to_q,KL_initial_to_final,KL_initial_to_true,KL_initial_to_prior,entropy_final,KL_final_to_q,KL_final_to_initial,KL_final_to_true,KL_final_to_prior,entropy_true,KL_true_to_q,KL_true_to_initial,KL_true_to_final,KL_true_to_prior,entropy_prior,KL_prior_to_q,KL_prior_to_initial,KL_prior_to_final,KL_prior_to_true
0,0.5845350193366105,1.5180348085297153,0.9278033974155193,0,0.7726997486806492,1.443037192738385,-inf,0.9667888283906785,0.9667888283906785,1.8981415376202313,0.16846263924534977,1.5180348085297153,0,0.9278033974155193,0.7726997486806492,1.443037192738385,0.0955955218697273,1.5316665284988518,2.5826459044735395,1.5316665284988518,3.132459891984299,2.816555928221229,1.610308791455897,0.19338485450123702,1.610308791455897,2.530189589629582
