,entropy,KL_prior,log_prob,cal_err,map_err,MMD,KL,KL_rev,Time,KL_q_to_true,KL_q_to_prior,KL_true_to_q,KL_true_to_prior,KL_prior_to_q,KL_prior_to_true
0,1.2540681421586424,1.8800874743048477,-0.2961433231830597,0.3487497792961241,0.339174635989753,0.20798036121497504,1.2557704650895194,0.5263311281496387,27.960570573806763,0.5298639150038527,1.7653786602164656,1.2487569354555974,3.1713467983756254,1.883696346539001,2.5710570634992482
