,RMSE,entropy_q,KL_q_to_initial,KL_q_to_final,KL_q_to_true,KL_q_to_prior,entropy_initial,KL_initial_to_q,KL_initial_to_final,KL_initial_to_true,KL_initial_to_prior,entropy_final,KL_final_to_q,KL_final_to_initial,KL_final_to_true,KL_final_to_prior,entropy_true,KL_true_to_q,KL_true_to_initial,KL_true_to_final,KL_true_to_prior,entropy_prior,KL_prior_to_q,KL_prior_to_initial,KL_prior_to_final,KL_prior_to_true
0,0.6570711088257846,-inf,inf,inf,inf,inf,2.523348722138117,2.9875031171205872,0.1086085082469837,0.9545294961110485,0.1099948876993383,2.3209678586665268,2.6171303287423906,0.17208952173854206,0.749594396028158,0.2973391541509766,0.23354970062534264,4.941866549159533,2.2848049826710404,2.1025815184785235,2.5460394628724203,2.838715802754857,2.939746765073805,0.04269230921683055,0.1554594264284423,0.9493582377786398
