,RMSE,entropy_q,KL_q_to_initial,KL_q_to_final,KL_q_to_true,KL_q_to_prior,entropy_initial,KL_initial_to_q,KL_initial_to_final,KL_initial_to_true,KL_initial_to_prior,entropy_final,KL_final_to_q,KL_final_to_initial,KL_final_to_true,KL_final_to_prior,entropy_true,KL_true_to_q,KL_true_to_initial,KL_true_to_final,KL_true_to_prior,entropy_prior,KL_prior_to_q,KL_prior_to_initial,KL_prior_to_final,KL_prior_to_true
0,0.6060415872873757,-inf,0.11763901590205744,0,0.9209304724406455,0.2209924379121421,2.523348722138117,0.06065010297686692,0.06065010297686692,0.9545294961110485,0.0995276931614666,-inf,0,0.11763901590205744,0.9209304724406455,0.2209924379121421,0.23354970062534264,2.1182814851712157,2.2848049826710404,2.1182814851712157,2.5936240728545963,2.8479345916893815,0.11075439515282345,0.03866440323290525,0.11075439515282345,0.9915198467620315
