,RMSE,entropy_q,KL_q_to_initial,KL_q_to_final,KL_q_to_true,KL_q_to_prior,entropy_initial,KL_initial_to_q,KL_initial_to_final,KL_initial_to_true,KL_initial_to_prior,entropy_final,KL_final_to_q,KL_final_to_initial,KL_final_to_true,KL_final_to_prior,entropy_true,KL_true_to_q,KL_true_to_initial,KL_true_to_final,KL_true_to_prior,entropy_prior,KL_prior_to_q,KL_prior_to_initial,KL_prior_to_final,KL_prior_to_true
0,0.5856087877969203,2.8304051707894198,0.04176250183540614,0.1906675627315444,0.9832081600359321,0.002277314916325101,2.523348722138117,0.1087849856513983,0.1707698499402664,0.9545294961110485,0.10144119715425676,-inf,0.4599859651552466,0.3479970426714754,0.4676675407061915,0.44019159826772286,0.23354970062534264,2.5598736607385963,2.2848049826710404,1.6013802983604821,2.5145500640510576,2.8577959792610343,0,0.029414382687003218,0.17496872007498493,0.9678053716709138
