,RMSE,entropy_q,KL_q_to_initial,KL_q_to_final,KL_q_to_true,KL_q_to_prior,entropy_initial,KL_initial_to_q,KL_initial_to_final,KL_initial_to_true,KL_initial_to_prior,entropy_final,KL_final_to_q,KL_final_to_initial,KL_final_to_true,KL_final_to_prior,entropy_true,KL_true_to_q,KL_true_to_initial,KL_true_to_final,KL_true_to_prior,entropy_prior,KL_prior_to_q,KL_prior_to_initial,KL_prior_to_final,KL_prior_to_true
0,0.5894718140298024,-inf,0.3852560634599824,0,0.5365086925853995,0.5248930524554474,2.523348722138117,0.208958916069299,0.208958916069299,0.9545294961110485,0.10968073686900813,-inf,0,0.3852560634599824,0.5365086925853995,0.5248930524554474,0.23354970062534264,1.6233284222375004,2.2848049826710404,1.6233284222375004,2.5051517651177155,2.82930094444231,0.2542766617572699,0.03710244665895796,0.2542766617572699,0.9546000036359472
