,entropy,KL_prior,log_prob,cal_err,map_err,MMD,KL,KL_rev,Time,KL_q_to_true,KL_q_to_prior,KL_true_to_q,KL_true_to_prior,KL_prior_to_q,KL_prior_to_true
0,1.4565122886190904,1.1140367419562027,-0.27581506967544556,0.5286446212498204,0.1710397967314859,0.19215823014397712,1.2330702889075438,0.2742101216102901,46.58730363845825,0.29862214416615473,1.1355163556918677,1.2898374579258738,2.5558201322554512,0.49113918600579737,0.9559644294423035
