,FullGPVariationalStrategy,FullGPEntropyStrategy,FullGPIMSPEStrategy,FullGPRandomStrategy
entropy_initial,5.455413834941046,5.455413834941046,5.455413834941046,5.455413834941046
KL_initial_to_final,0.10986775791556769,0.07213689343891762,0.0,0.14989427804080724
KL_initial_to_true,0.1515804870587628,0.1515804870587628,0.1515804870587628,0.1515804870587628
entropy_final,5.235918778302064,-inf,-inf,5.411773251867937
KL_final_to_initial,0.246538764150182,0.16179142465980398,0.11670227392269682,0.21137634925250104
KL_final_to_true,0.0,0.07900744504900319,0.0729497268969735,0.0
entropy_true,3.121571815603331,3.121571815603331,3.121571815603331,3.121571815603331
KL_true_to_initial,1.3522044251145209,1.3522044251145209,1.3522044251145209,1.3522044251145209
KL_true_to_final,0.8909109238946793,1.1207997786002615,1.105767312150516,1.0137783025518312
