,entropy,KL_prior,log_prob,cal_err,map_err,MMD,KL,KL_rev,Time,KL_q_to_true,KL_q_to_prior,KL_true_to_q,KL_true_to_prior,KL_prior_to_q,KL_prior_to_true
0,0.7118919345372401,5.871984643383733,-23.969953536987305,2.598791933015822,2.516682965434567,0.8113009691303935,5.501801171888217,6.18710577313074,181.38560152053833,6.222209782226795,5.752881720483956,5.516087707075113,1.5061768863496443,3.640902641320323,0.4266378111738694
