,RMSE,entropy_q,KL_q_to_initial,KL_q_to_final,KL_q_to_true,KL_q_to_prior,entropy_initial,KL_initial_to_q,KL_initial_to_final,KL_initial_to_true,KL_initial_to_prior,entropy_final,KL_final_to_q,KL_final_to_initial,KL_final_to_true,KL_final_to_prior,entropy_true,KL_true_to_q,KL_true_to_initial,KL_true_to_final,KL_true_to_prior,entropy_prior,KL_prior_to_q,KL_prior_to_initial,KL_prior_to_final,KL_prior_to_true
0,0.5708934186620169,2.1194147294109227,0.4871653478684513,0,0.9799607744110059,0.8794021237239832,2.8957254044255265,0.48765986673289785,0.48765986673289785,1.9574326552992614,0.17145268118211365,2.1194147294109227,0,0.4871653478684513,0.9799607744110059,0.8794021237239832,0.0955955218697273,1.7818572287312757,2.6642659697778055,1.7818572287312757,3.272776208107079,2.826519673635861,0.9261148765469046,0.2184186020032657,0.9261148765469046,2.58938022323276
