,RMSE,entropy_q,KL_q_to_initial,KL_q_to_final,KL_q_to_true,KL_q_to_prior,entropy_initial,KL_initial_to_q,KL_initial_to_final,KL_initial_to_true,KL_initial_to_prior,entropy_final,KL_final_to_q,KL_final_to_initial,KL_final_to_true,KL_final_to_prior,entropy_true,KL_true_to_q,KL_true_to_initial,KL_true_to_final,KL_true_to_prior,entropy_prior,KL_prior_to_q,KL_prior_to_initial,KL_prior_to_final,KL_prior_to_true
0,0.5536940448164039,-inf,1.081981625905566,0,0.7068315715686562,1.6128385770414453,2.8957254044255265,1.0470969726101764,1.0470969726101764,1.9574326552992614,0.17584982846243044,-inf,0,1.081981625905566,0.7068315715686562,1.6128385770414453,0.0955955218697273,1.4234727239481417,2.6642659697778055,1.4234727239481417,3.257420914710695,2.8339708793731067,1.6981413962839533,0.2437662495006003,1.6981413962839533,2.617901284816824
