,RMSE,entropy_q,KL_q_to_initial,KL_q_to_final,KL_q_to_true,KL_q_to_prior,entropy_initial,KL_initial_to_q,KL_initial_to_final,KL_initial_to_true,KL_initial_to_prior,entropy_final,KL_final_to_q,KL_final_to_initial,KL_final_to_true,KL_final_to_prior,entropy_true,KL_true_to_q,KL_true_to_initial,KL_true_to_final,KL_true_to_prior,entropy_prior,KL_prior_to_q,KL_prior_to_initial,KL_prior_to_final,KL_prior_to_true
0,0.5562656020103361,2.8170915240248435,0.2468256860400285,0.947891595062166,2.6309703808377876,0.002459655388255123,2.8957254044255265,0.1852983973250817,0.5832546447304098,1.9574326552992614,0.15860989799829459,1.6762082836562238,1.0135540069757614,0.6547500142492849,1.3587363409494195,0.9771573386048449,0.0955955218697273,3.2906934615594556,2.6642659697778055,1.9220300296684238,3.2086608583170855,2.8342848466682424,0,0.21341723931175377,0.9238678274233143,2.5538110684386006
