,RMSE,entropy_q,KL_q_to_initial,KL_q_to_final,KL_q_to_true,KL_q_to_prior,entropy_initial,KL_initial_to_q,KL_initial_to_final,KL_initial_to_true,KL_initial_to_prior,entropy_final,KL_final_to_q,KL_final_to_initial,KL_final_to_true,KL_final_to_prior,entropy_true,KL_true_to_q,KL_true_to_initial,KL_true_to_final,KL_true_to_prior,entropy_prior,KL_prior_to_q,KL_prior_to_initial,KL_prior_to_final,KL_prior_to_true
0,0.5579233779749315,-inf,inf,inf,inf,inf,2.8957254044255265,2.88917289117693,0.5732318482794199,1.9574326552992614,0.16061088638994306,-inf,2.4032359114029536,0.837312762098013,1.437600787756388,1.2664576331557797,0.0955955218697273,4.782617631441484,2.6642659697778055,2.182172748878551,3.1910293702137897,2.8283998528550764,3.234536429838435,0.21748808374196435,1.0173446450086956,2.578533372956493
