,entropy,KL_prior,log_prob,cal_err,map_err,MMD,KL,KL_rev,Time,KL_q_to_true,KL_q_to_prior,KL_true_to_q,KL_true_to_prior,KL_prior_to_q,KL_prior_to_true
0,1.1921018332570945,1.8259767864045366,-0.21772314608097076,0.36617071457271116,0.10125945364990835,0.2134453932620922,1.2701886830662628,0.5481530132767912,36.77619528770447,0.5125908461785111,1.7543973198179839,1.227091631617182,3.1853402080518154,1.8946083127405131,2.5899035429052875
