,entropy,KL_prior,log_prob,cal_err,map_err,MMD,KL,KL_rev,Time,KL_q_to_true,KL_q_to_prior,KL_true_to_q,KL_true_to_prior,KL_prior_to_q,KL_prior_to_true
0,1.0072937316411883,6.109313353222216,-35.06501770019531,3.6350122440445425,3.4809834756464637,0.6592463919317655,4.270518724138412,6.956756917509467,170.39432978630066,6.961068667196068,6.083567964966915,4.379990519212225,2.068092638490767,2.0649934205541953,0.9306670149983296
