,entropy_initial,KL_initial_to_final,KL_initial_to_true,entropy_final,KL_final_to_initial,KL_final_to_true,entropy_true,KL_true_to_initial,KL_true_to_final
0,-inf,0.0032272244377908855,0.47469197589850654,-inf,0.14026818372334834,0.5914529314162754,3.019814572684635,1.5585386514895745,1.5788688954524233
