,FullGPVariationalStrategy,FullGPEntropyStrategy,FullGPIMSPEStrategy,FullGPRandomStrategy
entropy_initial,-inf,-inf,-inf,-inf
KL_initial_to_final,0.1757700302495491,0.13567682887699817,0.0032272244377908855,0.05684206257883368
KL_initial_to_true,0.47469197589850654,0.47469197589850654,0.47469197589850654,0.47469197589850654
entropy_final,5.127297029856937,5.614773995242981,-inf,-inf
KL_final_to_initial,0.3398420947151433,0.15955715860276162,0.14026818372334834,0.21774357184882442
KL_final_to_true,0.0,0.19875916919750225,0.5914529314162754,0.29443589914273893
entropy_true,3.019814572684635,3.019814572684635,3.019814572684635,3.019814572684635
KL_true_to_initial,1.5585386514895745,1.5585386514895745,1.5585386514895745,1.5585386514895745
KL_true_to_final,0.9311392918355729,1.3061952901260077,1.5788688954524233,1.2761638393226178
