,entropy,KL_prior,log_prob,cal_err,map_err,MMD,KL,KL_rev,Time,KL_q_to_true,KL_q_to_prior,KL_true_to_q,KL_true_to_prior,KL_prior_to_q,KL_prior_to_true
0,-0.033065178403678175,7.796224729259208,-345.9299621582031,4.015806832317217,3.9296225439035872,0.8434099074084574,6.63172413881493,7.9885479998765785,181.77699518203735,8.01832994982309,7.764084989720519,6.6410166918073905,2.088892946888848,4.312600052919613,1.165012331524472
