,RMSE,entropy_q,KL_q_to_initial,KL_q_to_final,KL_q_to_true,KL_q_to_prior,entropy_initial,KL_initial_to_q,KL_initial_to_final,KL_initial_to_true,KL_initial_to_prior,entropy_final,KL_final_to_q,KL_final_to_initial,KL_final_to_true,KL_final_to_prior,entropy_true,KL_true_to_q,KL_true_to_initial,KL_true_to_final,KL_true_to_prior,entropy_prior,KL_prior_to_q,KL_prior_to_initial,KL_prior_to_final,KL_prior_to_true
0,0.606083856964251,2.3434349366360223,0.06973707307626963,0,0.8951191466310122,0.23714417373939795,-inf,0.04378498661042027,0.04378498661042027,0.9406930542575481,0.14805467643125542,2.3434349366360223,0,0.06973707307626963,0.8951191466310122,0.23714417373939795,0.23354970062534264,2.1395260016587145,2.239696509510978,2.1395260016587145,2.4946303582428766,2.840582111804192,0.12767253663417544,0.06507344855309917,0.12767253663417544,0.934433637445545
