,RMSE,entropy_q,KL_q_to_initial,KL_q_to_final,KL_q_to_true,KL_q_to_prior,entropy_initial,KL_initial_to_q,KL_initial_to_final,KL_initial_to_true,KL_initial_to_prior,entropy_final,KL_final_to_q,KL_final_to_initial,KL_final_to_true,KL_final_to_prior,entropy_true,KL_true_to_q,KL_true_to_initial,KL_true_to_final,KL_true_to_prior,entropy_prior,KL_prior_to_q,KL_prior_to_initial,KL_prior_to_final,KL_prior_to_true
0,0.6589903696455562,-inf,inf,inf,inf,inf,-inf,3.048516976668724,0.1681977911706866,0.9406930542575481,0.13245088392995236,-inf,2.6472186345713897,0.21394797920457978,0.676452232646978,0.32876951154651546,0.23354970062534264,4.891233459303272,2.239696509510978,1.9915847123451562,2.5376462314544845,2.828116802744953,2.9796758214118904,0.048277254610459674,0.15818820372297807,0.9551167573309287
