,RMSE,entropy_q,KL_q_to_initial,KL_q_to_final,KL_q_to_true,KL_q_to_prior,entropy_initial,KL_initial_to_q,KL_initial_to_final,KL_initial_to_true,KL_initial_to_prior,entropy_final,KL_final_to_q,KL_final_to_initial,KL_final_to_true,KL_final_to_prior,entropy_true,KL_true_to_q,KL_true_to_initial,KL_true_to_final,KL_true_to_prior,entropy_prior,KL_prior_to_q,KL_prior_to_initial,KL_prior_to_final,KL_prior_to_true
0,0.6049037451837282,2.7833836452761664,0.058584681250264364,0.1676567374274383,0.9587920697546294,0.0030412775563735442,-inf,0.12586493629891893,0.12649287730074346,0.9406930542575481,0.13242618632099232,-inf,0.38853328226666284,0.26632330403544,0.49840979330191226,0.3985181231694887,0.23354970062534264,2.5048306624992622,2.239696509510978,1.6223125118193975,2.5464900539768114,2.824489713038221,0,0.059931519169411765,0.1621396481010581,0.9651153555256914
