,RMSE,entropy_q,KL_q_to_initial,KL_q_to_final,KL_q_to_true,KL_q_to_prior,entropy_initial,KL_initial_to_q,KL_initial_to_final,KL_initial_to_true,KL_initial_to_prior,entropy_final,KL_final_to_q,KL_final_to_initial,KL_final_to_true,KL_final_to_prior,entropy_true,KL_true_to_q,KL_true_to_initial,KL_true_to_final,KL_true_to_prior,entropy_prior,KL_prior_to_q,KL_prior_to_initial,KL_prior_to_final,KL_prior_to_true
0,0.638305506499138,2.050765396036601,0.37697608912697295,0,0.5307393127471227,0.5479598989511276,-inf,0.18181943423086339,0.18181943423086339,0.9406930542575481,0.13234127691087044,2.050765396036601,0,0.37697608912697295,0.5307393127471227,0.5479598989511276,0.23354970062534264,1.6275621208281137,2.239696509510978,1.6275621208281137,2.5193918570831086,2.817615890303456,0.23140017170385263,0.05463002393517825,0.23140017170385263,0.9650542267150989
