,entropy,KL_prior,log_prob,cal_err,map_err,MMD,KL,KL_rev,Time,KL_q_to_true,KL_q_to_prior,KL_true_to_q,KL_true_to_prior,KL_prior_to_q,KL_prior_to_true
0,1.2780478761121685,1.3786183583117837,-0.1292397379875183,0.5898890065375957,0.3526447009702796,0.31009188057954273,2.2606231048936207,0.5863693143060568,34.51153111457825,0.5751326284115362,1.3799620310161933,2.2533286170367974,2.5527532439710585,1.0719167386481718,0.982540718572749
