,RMSE,entropy_q,KL_q_to_initial,KL_q_to_final,KL_q_to_true,KL_q_to_prior,entropy_initial,KL_initial_to_q,KL_initial_to_final,KL_initial_to_true,KL_initial_to_prior,entropy_final,KL_final_to_q,KL_final_to_initial,KL_final_to_true,KL_final_to_prior,entropy_true,KL_true_to_q,KL_true_to_initial,KL_true_to_final,KL_true_to_prior,entropy_prior,KL_prior_to_q,KL_prior_to_initial,KL_prior_to_final,KL_prior_to_true
0,0.5741033704276026,1.8561668575742294,0.5805565877668425,0,1.0232238812833723,1.0516953591832365,2.830264867528646,0.6311237150259963,0.6311237150259963,1.881445369663365,0.18890969192285487,1.8561668575742294,0,0.5805565877668425,1.0232238812833723,1.0516953591832365,0.0955955218697273,1.811747519807446,2.5742660125805314,1.811747519807446,3.211084315567523,2.857830801285476,1.2149545159693045,0.23141775705766354,1.2149545159693045,2.5777890530664984
