,RMSE,entropy_q,KL_q_to_initial,KL_q_to_final,KL_q_to_true,KL_q_to_prior,entropy_initial,KL_initial_to_q,KL_initial_to_final,KL_initial_to_true,KL_initial_to_prior,entropy_final,KL_final_to_q,KL_final_to_initial,KL_final_to_true,KL_final_to_prior,entropy_true,KL_true_to_q,KL_true_to_initial,KL_true_to_final,KL_true_to_prior,entropy_prior,KL_prior_to_q,KL_prior_to_initial,KL_prior_to_final,KL_prior_to_true
0,0.569715595814804,2.828226993469965,0.236192033080153,1.1520756559944392,2.5949436946487285,0.010450358209746621,2.830264867528646,0.1828827669927015,0.5264794786680986,1.881445369663365,0.17285546569195753,1.9814415777288783,0.9965272338190186,0.5362204921169549,1.0720544313661051,0.9878809754577721,0.0955955218697273,3.2756169767410337,2.5742660125805314,1.7377270119660795,3.2393151249434924,2.8555306655993427,0,0.1975658060927776,1.123536745272572,2.5425815428790584
