,RMSE,entropy_q,KL_q_to_initial,KL_q_to_final,KL_q_to_true,KL_q_to_prior,entropy_initial,KL_initial_to_q,KL_initial_to_final,KL_initial_to_true,KL_initial_to_prior,entropy_final,KL_final_to_q,KL_final_to_initial,KL_final_to_true,KL_final_to_prior,entropy_true,KL_true_to_q,KL_true_to_initial,KL_true_to_final,KL_true_to_prior,entropy_prior,KL_prior_to_q,KL_prior_to_initial,KL_prior_to_final,KL_prior_to_true
0,0.5431647332273623,1.3964844705151265,0.9732062564910366,0,0.6875076257003673,1.491688164713857,2.830264867528646,0.9656410041946004,0.9656410041946004,1.881445369663365,0.19019088089772054,1.3964844705151265,0,0.9732062564910366,0.6875076257003673,1.491688164713857,0.0955955218697273,1.4903252504215099,2.5742660125805314,1.4903252504215099,3.1948688348295144,2.821178553229008,1.6391717453181895,0.22744174680048035,1.6391717453181895,2.5768893669219044
