,entropy,KL_prior,log_prob,cal_err,map_err,MMD,KL,KL_rev,Time,KL_q_to_true,KL_q_to_prior,KL_true_to_q,KL_true_to_prior,KL_prior_to_q,KL_prior_to_true
0,1.2664019168133027,1.736288350470196,-0.2752194404602051,0.4078021900058478,0.0859681877560864,0.22282483492823335,1.2567408578951975,0.5553358057376712,36.3114652633667,0.5298534422561965,1.7780935101489328,1.2561315563766295,3.236129877605784,1.9049288467973242,2.6076692471755205
