,RMSE,entropy_q,KL_q_to_initial,KL_q_to_final,KL_q_to_true,KL_q_to_prior,entropy_initial,KL_initial_to_q,KL_initial_to_final,KL_initial_to_true,KL_initial_to_prior,entropy_final,KL_final_to_q,KL_final_to_initial,KL_final_to_true,KL_final_to_prior,entropy_true,KL_true_to_q,KL_true_to_initial,KL_true_to_final,KL_true_to_prior,entropy_prior,KL_prior_to_q,KL_prior_to_initial,KL_prior_to_final,KL_prior_to_true
0,0.5475613248477177,2.8166702071560543,0.2366073878755812,1.2779076956974051,2.5908161981360567,0,-inf,0.1955836674028957,0.6801022324944678,1.8788639773200382,0.20145823091107118,-inf,1.1481450459292002,0.6468846484583124,1.0263749801079232,1.1098409701097327,0.0955955218697273,3.2661341927081198,2.5643786758957368,1.7178514661916884,3.1376875522500765,2.85884999187601,0,0.24540037009318144,1.2543694151235716,2.528894326055701
