,RMSE,entropy_q,KL_q_to_initial,KL_q_to_final,KL_q_to_true,KL_q_to_prior,entropy_initial,KL_initial_to_q,KL_initial_to_final,KL_initial_to_true,KL_initial_to_prior,entropy_final,KL_final_to_q,KL_final_to_initial,KL_final_to_true,KL_final_to_prior,entropy_true,KL_true_to_q,KL_true_to_initial,KL_true_to_final,KL_true_to_prior,entropy_prior,KL_prior_to_q,KL_prior_to_initial,KL_prior_to_final,KL_prior_to_true
0,0.5929500547468004,2.315183534359944,0.2136369578725939,0,1.3668967229418023,0.512198289211901,-inf,0.18238414663007146,0.18238414663007146,1.8788639773200382,0.18579787078326374,2.315183534359944,0,0.2136369578725939,1.3668967229418023,0.512198289211901,0.0955955218697273,2.073765868487348,2.5643786758957368,2.073765868487348,3.291681929867423,2.836041916721256,0.517938214327162,0.23694085382064733,0.517938214327162,2.5746026907270143
