,RMSE,entropy_q,KL_q_to_initial,KL_q_to_final,KL_q_to_true,KL_q_to_prior,entropy_initial,KL_initial_to_q,KL_initial_to_final,KL_initial_to_true,KL_initial_to_prior,entropy_final,KL_final_to_q,KL_final_to_initial,KL_final_to_true,KL_final_to_prior,entropy_true,KL_true_to_q,KL_true_to_initial,KL_true_to_final,KL_true_to_prior,entropy_prior,KL_prior_to_q,KL_prior_to_initial,KL_prior_to_final,KL_prior_to_true
0,0.5418696793385641,-inf,0.9767461577245073,0,0.7517263458063083,1.6028372057153444,-inf,0.9751327137291607,0.9751327137291607,1.8788639773200382,0.21165831134169474,-inf,0,0.9767461577245073,0.7517263458063083,1.6028372057153444,0.0955955218697273,1.4838791539501706,2.5643786758957368,1.4838791539501706,3.301325695443577,2.833769072829207,1.7129480026845783,0.26035187288176637,1.7129480026845783,2.6277036790205988
