,RMSE,entropy_q,KL_q_to_initial,KL_q_to_final,KL_q_to_true,KL_q_to_prior,entropy_initial,KL_initial_to_q,KL_initial_to_final,KL_initial_to_true,KL_initial_to_prior,entropy_final,KL_final_to_q,KL_final_to_initial,KL_final_to_true,KL_final_to_prior,entropy_true,KL_true_to_q,KL_true_to_initial,KL_true_to_final,KL_true_to_prior,entropy_prior,KL_prior_to_q,KL_prior_to_initial,KL_prior_to_final,KL_prior_to_true
0,0.5287600621151025,-inf,inf,inf,inf,inf,-inf,2.8673185277338544,0.5331804153813856,1.8788639773200382,0.1897605588700571,-inf,2.354935321440882,0.7593058527679941,0.9878843465377427,1.261161039070731,0.0955955218697273,4.266929647964344,2.5643786758957368,1.8330538542834935,3.3014205548860653,2.8084104795208376,3.257848853372342,0.2343767828040773,1.0015835246361198,2.6037167816379525
