,entropy,KL_prior,log_prob,cal_err,map_err,MMD,KL,KL_rev,Time,KL_q_to_true,KL_q_to_prior,KL_true_to_q,KL_true_to_prior,KL_prior_to_q,KL_prior_to_true
0,1.2111058773801924,1.7790229157835666,-0.25731417536735535,0.3493165504186011,0.10812813447779782,0.20572707332474321,1.2395739730482083,0.5049963585856971,38.74167585372925,0.5390773328557333,1.810662314287395,1.260929641772991,3.2799826452519203,1.9192279890491337,2.6079245037679755
