,entropy_initial,KL_initial_to_final,KL_initial_to_true,entropy_final,KL_final_to_initial,KL_final_to_true,entropy_true,KL_true_to_initial,KL_true_to_final
0,5.587258644209221,0.09794355436908243,0.6492986763602666,5.413917353553443,0.13397114566608817,0.303737174908533,-inf,1.863819139316786,1.5748639097741444
