,FullGPVariationalStrategy,FullGPEntropyStrategy,FullGPIMSPEStrategy,FullGPRandomStrategy
entropy_initial,5.587258644209221,5.587258644209221,5.587258644209221,5.587258644209221
KL_initial_to_final,0.1918855193851085,0.09794355436908243,0.0,0.16426240132348166
KL_initial_to_true,0.6492986763602666,0.6492986763602666,0.6492986763602666,0.6492986763602666
entropy_final,5.172668984029299,5.413917353553443,-inf,5.121407798058327
KL_final_to_initial,0.3200502708252619,0.13397114566608817,0.16682257058721037,0.3102240659957603
KL_final_to_true,0.05057043935823734,0.303737174908533,0.48825841379685303,0.11204345194866994
entropy_true,-inf,-inf,-inf,-inf
KL_true_to_initial,1.863819139316786,1.863819139316786,1.863819139316786,1.863819139316786
KL_true_to_final,1.1824983167042518,1.5748639097741444,1.571163807854065,1.2408983081508647
