,entropy,KL_prior,log_prob,cal_err,map_err,MMD,KL,KL_rev,Time,KL_q_to_true,KL_q_to_prior,KL_true_to_q,KL_true_to_prior,KL_prior_to_q,KL_prior_to_true
0,0.6484881472730226,5.94572623454593,-28.99831771850586,2.087261026196257,2.119491390522082,0.8179504031955578,5.806720801368132,5.482935502856148,170.83398056030273,5.471157167271317,5.934522239677528,5.818253554130805,2.0372089305838372,3.3125237981295177,0.8356855094883855
