,entropy_initial,KL_initial_to_final,KL_initial_to_true,entropy_final,KL_final_to_initial,KL_final_to_true,entropy_true,KL_true_to_initial,KL_true_to_final
0,5.267149848378848,0.19518191851633931,0.7400246299178941,4.683949331851827,0.40407311436990984,0.05526895181494756,2.791975400728983,1.6622912577956146,0.9128763874932173
