,entropy_initial,KL_initial_to_final,KL_initial_to_true,entropy_final,KL_final_to_initial,KL_final_to_true,entropy_true,KL_true_to_initial,KL_true_to_final
0,5.267149848378848,0.002893615026675561,0.7400246299178941,-inf,0.1922372462567487,0.6093006487871596,2.791975400728983,1.6622912577956146,1.368562639324102
