,entropy_initial,KL_initial_to_final,KL_initial_to_true,entropy_final,KL_final_to_initial,KL_final_to_true,entropy_true,KL_true_to_initial,KL_true_to_final
0,5.267149848378848,0.10955130433378182,0.7400246299178941,4.867523582397141,0.24746808827524863,0.1910476615307841,2.791975400728983,1.6622912577956146,1.1229340235943377
