,entropy_initial,KL_initial_to_final,KL_initial_to_true,entropy_final,KL_final_to_initial,KL_final_to_true,entropy_true,KL_true_to_initial,KL_true_to_final
0,5.267149848378848,0.19170221051005015,0.7400246299178941,4.856333920211375,0.3558726426412364,0.31731924288022106,2.791975400728983,1.6622912577956146,1.1920509299158375
