,FullGPVariationalStrategy,FullGPEntropyStrategy,FullGPIMSPEStrategy,FullGPRandomStrategy
entropy_initial,5.267149848378848,5.267149848378848,5.267149848378848,5.267149848378848
KL_initial_to_final,0.19518191851633931,0.10955130433378182,0.002893615026675561,0.19170221051005015
KL_initial_to_true,0.7400246299178941,0.7400246299178941,0.7400246299178941,0.7400246299178941
entropy_final,4.683949331851827,4.867523582397141,-inf,4.856333920211375
KL_final_to_initial,0.40407311436990984,0.24746808827524863,0.1922372462567487,0.3558726426412364
KL_final_to_true,0.05526895181494756,0.1910476615307841,0.6093006487871596,0.31731924288022106
entropy_true,2.791975400728983,2.791975400728983,2.791975400728983,2.791975400728983
KL_true_to_initial,1.6622912577956146,1.6622912577956146,1.6622912577956146,1.6622912577956146
KL_true_to_final,0.9128763874932173,1.1229340235943377,1.368562639324102,1.1920509299158375
