,entropy,KL_prior,log_prob,cal_err,map_err,MMD,KL,KL_rev,Time,KL_q_to_true,KL_q_to_prior,KL_true_to_q,KL_true_to_prior,KL_prior_to_q,KL_prior_to_true
0,1.0148057091500435,7.566852253987515,-86.08458709716797,3.785202518474568,3.547539595073124,0.6788580499598666,4.900722295570208,7.4014879482229246,187.00772905349731,7.39736746037348,7.55873510318504,4.9150883874118705,2.206667679510898,4.150167839107706,1.2392835827746227
