,RMSE,entropy_q,KL_q_to_initial,KL_q_to_final,KL_q_to_true,KL_q_to_prior,entropy_initial,KL_initial_to_q,KL_initial_to_final,KL_initial_to_true,KL_initial_to_prior,entropy_final,KL_final_to_q,KL_final_to_initial,KL_final_to_true,KL_final_to_prior,entropy_true,KL_true_to_q,KL_true_to_initial,KL_true_to_final,KL_true_to_prior,entropy_prior,KL_prior_to_q,KL_prior_to_initial,KL_prior_to_final,KL_prior_to_true
0,0.589714156566949,2.1747106163509873,0.3491559001738984,0,0.4697051095779814,0.48553492622565975,2.4550311448439146,0.21255385225842457,0.21255385225842457,0.9664003162826077,0.13022676745085715,2.1747106163509873,0,0.3491559001738984,0.4697051095779814,0.48553492622565975,0.23354970062534264,1.607649936928106,2.321732396770585,1.607649936928106,2.5844395199595698,2.818505017795732,0.22183399052744301,0.045878072027884,0.22183399052744301,0.9911954010813006
