,RMSE,entropy_q,KL_q_to_initial,KL_q_to_final,KL_q_to_true,KL_q_to_prior,entropy_initial,KL_initial_to_q,KL_initial_to_final,KL_initial_to_true,KL_initial_to_prior,entropy_final,KL_final_to_q,KL_final_to_initial,KL_final_to_true,KL_final_to_prior,entropy_true,KL_true_to_q,KL_true_to_initial,KL_true_to_final,KL_true_to_prior,entropy_prior,KL_prior_to_q,KL_prior_to_initial,KL_prior_to_final,KL_prior_to_true
0,0.614096924535788,2.348880796916208,0.07337025898150405,0,0.9346201444360966,0.21087794836217286,2.4550311448439146,0.047840566227025545,0.047840566227025545,0.9664003162826077,0.14705576613370028,2.348880796916208,0,0.07337025898150405,0.9346201444360966,0.21087794836217286,0.23354970062534264,2.1912260164621804,2.321732396770585,2.1912260164621804,2.5328956440339034,2.8147980701081066,0.10738818480075875,0.0632084244668202,0.10738818480075875,0.9683128050152843
