,RMSE,entropy_q,KL_q_to_initial,KL_q_to_final,KL_q_to_true,KL_q_to_prior,entropy_initial,KL_initial_to_q,KL_initial_to_final,KL_initial_to_true,KL_initial_to_prior,entropy_final,KL_final_to_q,KL_final_to_initial,KL_final_to_true,KL_final_to_prior,entropy_true,KL_true_to_q,KL_true_to_initial,KL_true_to_final,KL_true_to_prior,entropy_prior,KL_prior_to_q,KL_prior_to_initial,KL_prior_to_final,KL_prior_to_true
0,0.6664819875022159,-inf,inf,inf,inf,inf,2.4550311448439146,3.0409132410509896,0.1186939025341449,0.9664003162826077,0.13446527060923497,-inf,2.660446824506751,0.16613031313218612,0.6853740420334509,0.29525866779090926,0.23354970062534264,4.906410928168702,2.321732396770585,1.995577398862503,2.545466599157711,2.8527391365852415,2.9346615159381413,0.040903565900030754,0.1397286771507731,0.9755953036607009
