,RMSE,entropy_q,KL_q_to_initial,KL_q_to_final,KL_q_to_true,KL_q_to_prior,entropy_initial,KL_initial_to_q,KL_initial_to_final,KL_initial_to_true,KL_initial_to_prior,entropy_final,KL_final_to_q,KL_final_to_initial,KL_final_to_true,KL_final_to_prior,entropy_true,KL_true_to_q,KL_true_to_initial,KL_true_to_final,KL_true_to_prior,entropy_prior,KL_prior_to_q,KL_prior_to_initial,KL_prior_to_final,KL_prior_to_true
0,0.608666778051103,2.8375891806868205,0.04670668050595348,0.17991638400299345,0.9499639797638787,0.007541372888992889,2.4550311448439146,0.12388779349668498,0.11661774195531976,0.9664003162826077,0.14344338617510513,-inf,0.38824509601423907,0.24095389905645687,0.49250682366215753,0.4199030213147538,0.23354970062534264,2.5267803105174678,2.321732396770585,1.605291075799597,2.5235090969663108,2.8265070049470857,0,0.053545308007853835,0.20487449683543305,0.9648382647990288
