,entropy,KL_prior,log_prob,cal_err,map_err,MMD,KL,KL_rev,Time,KL_q_to_true,KL_q_to_prior,KL_true_to_q,KL_true_to_prior,KL_prior_to_q,KL_prior_to_true
0,1.1539834545051662,1.412204333898867,-0.11210409551858902,0.5045797684136214,0.13526568973632264,0.30228508754556715,2.1182690311426517,0.5140296577192872,40.037490129470825,0.5403094844804098,1.3544926501831018,2.1459261851266906,2.4894241681739993,0.9386643529189929,0.9369084433193301
