,RMSE,entropy_q,KL_q_to_initial,KL_q_to_final,KL_q_to_true,KL_q_to_prior,entropy_initial,KL_initial_to_q,KL_initial_to_final,KL_initial_to_true,KL_initial_to_prior,entropy_final,KL_final_to_q,KL_final_to_initial,KL_final_to_true,KL_final_to_prior,entropy_true,KL_true_to_q,KL_true_to_initial,KL_true_to_final,KL_true_to_prior,entropy_prior,KL_prior_to_q,KL_prior_to_initial,KL_prior_to_final,KL_prior_to_true
0,0.5430243213087607,-inf,inf,inf,inf,inf,-inf,2.885524435994137,0.5458406289246586,1.939362612291541,0.17023295999700064,-inf,2.3857374948866505,0.8297078072309295,1.1582442774806296,1.2606060536118469,0.0955955218697273,4.23555285202466,2.6807616712305213,1.9468538001516393,3.282108535673682,2.8426361835252036,3.277372725137542,0.21199024786561207,0.9620227279472616,2.5877589268987378
