,RMSE,entropy_q,KL_q_to_initial,KL_q_to_final,KL_q_to_true,KL_q_to_prior,entropy_initial,KL_initial_to_q,KL_initial_to_final,KL_initial_to_true,KL_initial_to_prior,entropy_final,KL_final_to_q,KL_final_to_initial,KL_final_to_true,KL_final_to_prior,entropy_true,KL_true_to_q,KL_true_to_initial,KL_true_to_final,KL_true_to_prior,entropy_prior,KL_prior_to_q,KL_prior_to_initial,KL_prior_to_final,KL_prior_to_true
0,0.586820004524417,2.135118382573432,0.4573172830689687,0,0.9655707062766247,0.9030371408234097,-inf,0.5234910268653274,0.5234910268653274,1.939362612291541,0.17057760485870072,2.135118382573432,0,0.4573172830689687,0.9655707062766247,0.9030371408234097,0.0955955218697273,1.7614131701452527,2.6807616712305213,1.7614131701452527,3.3174452223358797,2.781666364256518,1.0685226802704948,0.21123836160621334,1.0685226802704948,2.638451359650555
