,RMSE,entropy_q,KL_q_to_initial,KL_q_to_final,KL_q_to_true,KL_q_to_prior,entropy_initial,KL_initial_to_q,KL_initial_to_final,KL_initial_to_true,KL_initial_to_prior,entropy_final,KL_final_to_q,KL_final_to_initial,KL_final_to_true,KL_final_to_prior,entropy_true,KL_true_to_q,KL_true_to_initial,KL_true_to_final,KL_true_to_prior,entropy_prior,KL_prior_to_q,KL_prior_to_initial,KL_prior_to_final,KL_prior_to_true
0,0.551424703522133,1.3760485085244767,1.0481258065308923,0,0.7175081618878535,1.516408574154631,-inf,1.0735166559347447,1.0735166559347447,1.939362612291541,0.16038680195347169,1.3760485085244767,0,1.0481258065308923,0.7175081618878535,1.516408574154631,0.0955955218697273,1.4330124475926937,2.6807616712305213,1.4330124475926937,3.2126606928487793,2.7771662766356595,1.6924376616104124,0.2301387110965132,1.6924376616104124,2.6024863493156594
