,entropy,KL_prior,log_prob,cal_err,map_err,MMD,KL,KL_rev,Time,KL_q_to_true,KL_q_to_prior,KL_true_to_q,KL_true_to_prior,KL_prior_to_q,KL_prior_to_true
0,1.239793712558166,1.7412913314655394,-0.2735254168510437,0.353907089170859,0.16711531990275588,0.20540399745999618,1.251726325281199,0.5129750491462411,41.77269196510315,0.5159213071282638,1.8747523985180656,1.248931110552601,3.336291650202675,1.890878112364471,2.630870911772134
