,RMSE,entropy_q,KL_q_to_initial,KL_q_to_final,KL_q_to_true,KL_q_to_prior,entropy_initial,KL_initial_to_q,KL_initial_to_final,KL_initial_to_true,KL_initial_to_prior,entropy_final,KL_final_to_q,KL_final_to_initial,KL_final_to_true,KL_final_to_prior,entropy_true,KL_true_to_q,KL_true_to_initial,KL_true_to_final,KL_true_to_prior,entropy_prior,KL_prior_to_q,KL_prior_to_initial,KL_prior_to_final,KL_prior_to_true
0,0.6013083414640524,2.113479599365915,0.4515657181903372,0,0.35368875933094024,0.5659114404892817,2.5175862028473572,0.28025737070518497,0.28025737070518497,0.9906395760978295,0.10347078397939008,2.113479599365915,0,0.4515657181903372,0.35368875933094024,0.5659114404892817,0.23354970062534264,1.4968121171343265,2.377375129925591,1.4968121171343265,2.563692918355354,2.8408778881843935,0.2948958488786203,0.02155107989528289,0.2948958488786203,0.994450416206049
