,RMSE,entropy_q,KL_q_to_initial,KL_q_to_final,KL_q_to_true,KL_q_to_prior,entropy_initial,KL_initial_to_q,KL_initial_to_final,KL_initial_to_true,KL_initial_to_prior,entropy_final,KL_final_to_q,KL_final_to_initial,KL_final_to_true,KL_final_to_prior,entropy_true,KL_true_to_q,KL_true_to_initial,KL_true_to_final,KL_true_to_prior,entropy_prior,KL_prior_to_q,KL_prior_to_initial,KL_prior_to_final,KL_prior_to_true
0,0.6297042208952954,2.2979099368129905,0.08376454271851097,0,0.9104176490637416,0.22063040884110863,2.5175862028473572,0.028189294555802408,0.028189294555802408,0.9906395760978295,0.1237518672605192,2.2979099368129905,0,0.08376454271851097,0.9104176490637416,0.22063040884110863,0.23354970062534264,2.155771502899052,2.377375129925591,2.155771502899052,2.5201221060772547,2.843401664104224,0.09238982069305167,0.04017393494602829,0.09238982069305167,0.9667492679058094
