,entropy,KL_prior,log_prob,cal_err,map_err,MMD,KL,KL_rev,Time,KL_q_to_true,KL_q_to_prior,KL_true_to_q,KL_true_to_prior,KL_prior_to_q,KL_prior_to_true
0,1.413447510002098,1.1730247908937308,-0.26372942328453064,0.4988463745467297,0.18351136526004366,0.22474702395104845,1.2890601868837175,0.31044737461066624,48.44980216026306,0.3082068252912713,1.1824272131187465,1.3076302421404014,2.5597641151007995,0.5886289811090479,0.9786995230749522
