,entropy_initial,KL_initial_to_final,KL_initial_to_true,entropy_final,KL_final_to_initial,KL_final_to_true,entropy_true,KL_true_to_initial,KL_true_to_final
0,5.639450213497158,0.28310448575515673,0.7636797618676602,-inf,0.42351312848787903,0.15461827984319101,-inf,1.7843773337612434,1.0666944640689138
