,FullGPVariationalStrategy,FullGPEntropyStrategy,FullGPIMSPEStrategy,FullGPRandomStrategy
entropy_initial,5.639450213497158,5.639450213497158,5.639450213497158,5.639450213497158
KL_initial_to_final,0.28294583451115457,0.15646160857662422,0.16001975438792168,0.28310448575515673
KL_initial_to_true,0.7636797618676602,0.7636797618676602,0.7636797618676602,0.7636797618676602
entropy_final,5.172654366624611,5.5160657948265825,5.495838930490004,-inf
KL_final_to_initial,0.42780693642953793,0.20162634800391258,0.18610272865536281,0.42351312848787903
KL_final_to_true,0.06853300731941538,0.2405933138378252,0.6340100536769705,0.15461827984319101
entropy_true,-inf,-inf,-inf,-inf
KL_true_to_initial,1.7843773337612434,1.7843773337612434,1.7843773337612434,1.7843773337612434
KL_true_to_final,0.9781386759175889,1.250159424610352,1.673768001291046,1.0666944640689138
