,entropy,KL_prior,log_prob,cal_err,map_err,MMD,KL,KL_rev,Time,KL_q_to_true,KL_q_to_prior,KL_true_to_q,KL_true_to_prior,KL_prior_to_q,KL_prior_to_true
0,0.8576689627986323,4.307559486798837,-19.070114135742188,1.4928593609178689,1.2494504258270405,0.44096234558586545,1.899714948046165,2.8052101498460464,180.4560182094574,2.838803400077128,4.234350662760887,1.9108316848426605,2.005965234198245,1.8860204774353853,1.045619495868746
