,RMSE,entropy_q,KL_q_to_initial,KL_q_to_final,KL_q_to_true,KL_q_to_prior,entropy_initial,KL_initial_to_q,KL_initial_to_final,KL_initial_to_true,KL_initial_to_prior,entropy_final,KL_final_to_q,KL_final_to_initial,KL_final_to_true,KL_final_to_prior,entropy_true,KL_true_to_q,KL_true_to_initial,KL_true_to_final,KL_true_to_prior,entropy_prior,KL_prior_to_q,KL_prior_to_initial,KL_prior_to_final,KL_prior_to_true
0,0.6657740263029707,-inf,inf,inf,inf,inf,2.510399700670349,3.0348399090318807,0.09051890270444166,0.9477929262872118,0.10791973859035368,-inf,2.7597393529813044,0.14412583543045854,0.6754967385726671,0.25245336194287055,0.23354970062534264,4.896138034864033,2.3293787104171773,1.984263698741867,2.5045154972161376,2.7965273598572056,2.9582125437072393,0.028553791868423703,0.10955388349907351,0.9524560044143741
