,RMSE,entropy_q,KL_q_to_initial,KL_q_to_final,KL_q_to_true,KL_q_to_prior,entropy_initial,KL_initial_to_q,KL_initial_to_final,KL_initial_to_true,KL_initial_to_prior,entropy_final,KL_final_to_q,KL_final_to_initial,KL_final_to_true,KL_final_to_prior,entropy_true,KL_true_to_q,KL_true_to_initial,KL_true_to_final,KL_true_to_prior,entropy_prior,KL_prior_to_q,KL_prior_to_initial,KL_prior_to_final,KL_prior_to_true
0,0.6079516508199626,-inf,0.3673042662443631,0,0.4110845883421238,0.5280006996702535,2.510399700670349,0.2120849666824473,0.2120849666824473,0.9477929262872118,0.11981370762293753,-inf,0,0.3673042662443631,0.4110845883421238,0.5280006996702535,0.23354970062534264,1.5278554574201153,2.3293787104171773,1.5278554574201153,2.5871064597612667,2.821719951008764,0.26621745539596364,0.03334187476439242,0.26621745539596364,0.9936457022598172
