,RMSE,entropy_q,KL_q_to_initial,KL_q_to_final,KL_q_to_true,KL_q_to_prior,entropy_initial,KL_initial_to_q,KL_initial_to_final,KL_initial_to_true,KL_initial_to_prior,entropy_final,KL_final_to_q,KL_final_to_initial,KL_final_to_true,KL_final_to_prior,entropy_true,KL_true_to_q,KL_true_to_initial,KL_true_to_final,KL_true_to_prior,entropy_prior,KL_prior_to_q,KL_prior_to_initial,KL_prior_to_final,KL_prior_to_true
0,0.6220217862466387,2.8548816551587173,0.029514036104263897,0.13181047678649244,0.9676233189492579,0,2.510399700670349,0.11240579881477707,0.10964108970991034,0.9477929262872118,0.11023395141896492,2.4055301720246556,0.288597706725281,0.1801451080608353,0.6363584461665466,0.29790229341000535,0.23354970062534264,2.535752774068571,2.3293787104171773,1.859716289767142,2.5692637944114343,2.7793132320475866,0.006159242926368345,0.04226177755864822,0.14230826266214036,0.984740656590771
