,RMSE,entropy_q,KL_q_to_initial,KL_q_to_final,KL_q_to_true,KL_q_to_prior,entropy_initial,KL_initial_to_q,KL_initial_to_final,KL_initial_to_true,KL_initial_to_prior,entropy_final,KL_final_to_q,KL_final_to_initial,KL_final_to_true,KL_final_to_prior,entropy_true,KL_true_to_q,KL_true_to_initial,KL_true_to_final,KL_true_to_prior,entropy_prior,KL_prior_to_q,KL_prior_to_initial,KL_prior_to_final,KL_prior_to_true
0,0.6086375378714706,-inf,0.06411000414678572,0,0.9326694937679879,0.19584356413523576,2.510399700670349,0.03305064542143214,0.03305064542143214,0.9477929262872118,0.1136200541378722,-inf,0,0.06411000414678572,0.9326694937679879,0.19584356413523576,0.23354970062534264,2.1715145236172684,2.3293787104171773,2.1715145236172684,2.5555351876020134,2.846929760463212,0.09438684921808413,0.026206123141838813,0.09438684921808413,0.9799871127699297
