,entropy,KL_prior,log_prob,cal_err,map_err,MMD,KL,KL_rev,Time,KL_q_to_true,KL_q_to_prior,KL_true_to_q,KL_true_to_prior,KL_prior_to_q,KL_prior_to_true
0,1.2201980730800557,1.411478326647895,-0.06246144697070122,0.486124231073458,0.14189328950533442,0.31842091483362134,2.2311481030946863,0.5729111436584966,34.92710852622986,0.604726635512444,1.4288981538920091,2.2637843304832517,2.5206116282143904,1.300147778415868,0.9583760658580001
