,RMSE,entropy_q,KL_q_to_initial,KL_q_to_final,KL_q_to_true,KL_q_to_prior,entropy_initial,KL_initial_to_q,KL_initial_to_final,KL_initial_to_true,KL_initial_to_prior,entropy_final,KL_final_to_q,KL_final_to_initial,KL_final_to_true,KL_final_to_prior,entropy_true,KL_true_to_q,KL_true_to_initial,KL_true_to_final,KL_true_to_prior,entropy_prior,KL_prior_to_q,KL_prior_to_initial,KL_prior_to_final,KL_prior_to_true
0,0.5605085710692387,1.3565280429788231,1.0832009172755028,0,0.5956363333083479,1.6239572183617939,-inf,1.0927665326183762,1.0927665326183762,1.9396424563355323,0.1821470007603152,1.3565280429788231,0,1.0832009172755028,0.5956363333083479,1.6239572183617939,0.0955955218697273,1.3614277800898573,2.6608758394091256,1.3614277800898573,3.1754130606819255,2.8568705970797383,1.6998445723464892,0.22779024961343106,1.6998445723464892,2.5812171213856887
