,RMSE,entropy_q,KL_q_to_initial,KL_q_to_final,KL_q_to_true,KL_q_to_prior,entropy_initial,KL_initial_to_q,KL_initial_to_final,KL_initial_to_true,KL_initial_to_prior,entropy_final,KL_final_to_q,KL_final_to_initial,KL_final_to_true,KL_final_to_prior,entropy_true,KL_true_to_q,KL_true_to_initial,KL_true_to_final,KL_true_to_prior,entropy_prior,KL_prior_to_q,KL_prior_to_initial,KL_prior_to_final,KL_prior_to_true
0,0.5907047781311974,-inf,0.5750892525949937,0,1.1105146396098606,0.9591114974657515,-inf,0.7946330444906533,0.7946330444906533,1.9396424563355323,0.1825510111998672,-inf,0,0.5750892525949937,1.1105146396098606,0.9591114974657515,0.0955955218697273,1.8710362059837682,2.6608758394091256,1.8710362059837682,3.135068374593047,2.8906124978374192,1.2166075452269236,0.22050651233196478,1.2166075452269236,2.5151451192347927
