,RMSE,entropy_q,KL_q_to_initial,KL_q_to_final,KL_q_to_true,KL_q_to_prior,entropy_initial,KL_initial_to_q,KL_initial_to_final,KL_initial_to_true,KL_initial_to_prior,entropy_final,KL_final_to_q,KL_final_to_initial,KL_final_to_true,KL_final_to_prior,entropy_true,KL_true_to_q,KL_true_to_initial,KL_true_to_final,KL_true_to_prior,entropy_prior,KL_prior_to_q,KL_prior_to_initial,KL_prior_to_final,KL_prior_to_true
0,0.5683815012535585,2.818017954220906,0.24335196175881138,1.2371511799718529,2.6167539527489208,0.006020588797309574,-inf,0.1873408285869129,0.6753872788921079,1.9396424563355323,0.17508411884054106,-inf,1.1518578080242468,0.6916935827670323,1.068541083449914,1.1011700507570308,0.0955955218697273,3.277519380864609,2.6608758394091256,1.9100960215978167,3.294633929777866,2.845892934051208,0,0.21457666260659822,1.2040432021172316,2.572453179875511
