,entropy,KL_prior,log_prob,cal_err,map_err,MMD,KL,KL_rev,Time,KL_q_to_true,KL_q_to_prior,KL_true_to_q,KL_true_to_prior,KL_prior_to_q,KL_prior_to_true
0,1.2939553397608252,1.7551079230144198,-0.31944841146469116,0.37257716520463124,0.31546302171594537,0.20853947613299004,1.263301057223051,0.5229774021464758,39.11226940155029,0.5045288143337899,1.7354575800032384,1.244056652484251,3.1402455951498554,1.8786100620347803,2.568281083753682
