,RMSE,entropy_q,KL_q_to_initial,KL_q_to_final,KL_q_to_true,KL_q_to_prior,entropy_initial,KL_initial_to_q,KL_initial_to_final,KL_initial_to_true,KL_initial_to_prior,entropy_final,KL_final_to_q,KL_final_to_initial,KL_final_to_true,KL_final_to_prior,entropy_true,KL_true_to_q,KL_true_to_initial,KL_true_to_final,KL_true_to_prior,entropy_prior,KL_prior_to_q,KL_prior_to_initial,KL_prior_to_final,KL_prior_to_true
0,0.572637444909733,2.831858854998459,0.2625127626531753,1.1008267953041528,2.554473188343384,0,2.827494137124569,0.217768338667932,0.5121390227327632,1.8752466043588054,0.2066017287284544,1.8982851665598899,0.9581984630897098,0.5260675339598235,1.217514619043532,0.9851986356294457,0.0955955218697273,3.266692229925554,2.5846555103436035,2.017636230435872,3.2669824106491485,2.8278691640888223,0.006802614236384772,0.24916663596015068,1.1328942983172654,2.6128960052877974
