,RMSE,entropy_q,KL_q_to_initial,KL_q_to_final,KL_q_to_true,KL_q_to_prior,entropy_initial,KL_initial_to_q,KL_initial_to_final,KL_initial_to_true,KL_initial_to_prior,entropy_final,KL_final_to_q,KL_final_to_initial,KL_final_to_true,KL_final_to_prior,entropy_true,KL_true_to_q,KL_true_to_initial,KL_true_to_final,KL_true_to_prior,entropy_prior,KL_prior_to_q,KL_prior_to_initial,KL_prior_to_final,KL_prior_to_true
0,0.6058376071380438,2.1924889208861407,0.3591264697900878,0,1.2493929220959008,0.7707013797371572,2.827494137124569,0.38251511400565336,0.38251511400565336,1.8752466043588054,0.22737442597321733,2.1924889208861407,0,0.3591264697900878,1.2493929220959008,0.7707013797371572,0.0955955218697273,1.9922758484839902,2.5846555103436035,1.9922758484839902,3.3285187983667224,2.846403512569564,0.8519664627743347,0.2740664098637535,0.8519664627743347,2.6155924944037903
