,RMSE,entropy_q,KL_q_to_initial,KL_q_to_final,KL_q_to_true,KL_q_to_prior,entropy_initial,KL_initial_to_q,KL_initial_to_final,KL_initial_to_true,KL_initial_to_prior,entropy_final,KL_final_to_q,KL_final_to_initial,KL_final_to_true,KL_final_to_prior,entropy_true,KL_true_to_q,KL_true_to_initial,KL_true_to_final,KL_true_to_prior,entropy_prior,KL_prior_to_q,KL_prior_to_initial,KL_prior_to_final,KL_prior_to_true
0,0.5680332483931978,1.368456054786365,0.9992192924731134,0,0.6540847386228128,1.5933031854918933,2.827494137124569,1.0205617658022303,1.0205617658022303,1.8752466043588054,0.22640558159431223,1.368456054786365,0,0.9992192924731134,0.6540847386228128,1.5933031854918933,0.0955955218697273,1.3687681622661456,2.5846555103436035,1.3687681622661456,3.230729252076905,2.8530552808125815,1.7024845482358573,0.27292175074210234,1.7024845482358573,2.5752128626887645
