,RMSE,entropy_q,KL_q_to_initial,KL_q_to_final,KL_q_to_true,KL_q_to_prior,entropy_initial,KL_initial_to_q,KL_initial_to_final,KL_initial_to_true,KL_initial_to_prior,entropy_final,KL_final_to_q,KL_final_to_initial,KL_final_to_true,KL_final_to_prior,entropy_true,KL_true_to_q,KL_true_to_initial,KL_true_to_final,KL_true_to_prior,entropy_prior,KL_prior_to_q,KL_prior_to_initial,KL_prior_to_final,KL_prior_to_true
0,0.5506853164767689,-inf,inf,inf,inf,inf,2.827494137124569,2.9013788808004994,0.5355943913097236,1.8752466043588054,0.2092802672174652,-inf,2.497380936447217,0.8190899309148765,1.1311036976186541,1.2794251733838584,0.0955955218697273,4.412638925705418,2.5846555103436035,1.8773336803800296,3.256404364184222,2.8041741872882753,3.2484598325470726,0.24125086548203034,0.9978371859278659,2.568633471730978
