,entropy,KL_prior,log_prob,cal_err,map_err,MMD,KL,KL_rev,Time,KL_q_to_true,KL_q_to_prior,KL_true_to_q,KL_true_to_prior,KL_prior_to_q,KL_prior_to_true
0,1.293485478960478,1.7309894258588958,-0.3133983910083771,0.3813029874148454,0.289506022930766,0.21535190966384538,1.2809384822014043,0.5533467860208281,36.93612813949585,0.5542675929164012,1.815230115767996,1.2745521302180902,3.2892333468260833,1.9073717271558834,2.6187920339082496
