,RMSE,entropy_q,KL_q_to_initial,KL_q_to_final,KL_q_to_true,KL_q_to_prior,entropy_initial,KL_initial_to_q,KL_initial_to_final,KL_initial_to_true,KL_initial_to_prior,entropy_final,KL_final_to_q,KL_final_to_initial,KL_final_to_true,KL_final_to_prior,entropy_true,KL_true_to_q,KL_true_to_initial,KL_true_to_final,KL_true_to_prior,entropy_prior,KL_prior_to_q,KL_prior_to_initial,KL_prior_to_final,KL_prior_to_true
0,0.5344687404899372,-inf,inf,inf,inf,inf,-inf,2.875753819892601,0.680822684020502,1.910476588996314,0.1820377145112926,-inf,2.3784746468491034,1.0072932079548427,0.8716616249615176,1.5778501400263156,0.0955955218697273,4.166093581695767,2.6490503977081836,1.7110081024298593,3.1893477405675106,2.8260698790217296,3.3214250116216326,0.24426718700144315,1.198333430636663,2.582615317895994
