,RMSE,entropy_q,KL_q_to_initial,KL_q_to_final,KL_q_to_true,KL_q_to_prior,entropy_initial,KL_initial_to_q,KL_initial_to_final,KL_initial_to_true,KL_initial_to_prior,entropy_final,KL_final_to_q,KL_final_to_initial,KL_final_to_true,KL_final_to_prior,entropy_true,KL_true_to_q,KL_true_to_initial,KL_true_to_final,KL_true_to_prior,entropy_prior,KL_prior_to_q,KL_prior_to_initial,KL_prior_to_final,KL_prior_to_true
0,0.6072465036298645,-inf,0.34968887283713107,0,1.1953384342682667,0.7038108391363332,-inf,0.30612260716548684,0.30612260716548684,1.910476588996314,0.1826742022748512,-inf,0,0.34968887283713107,1.1953384342682667,0.7038108391363332,0.0955955218697273,1.9640356307973084,2.6490503977081836,1.9640356307973084,3.277213556931437,2.823154735518668,0.73419885766359,0.23814420011363943,0.73419885766359,2.5933845359698138
