,RMSE,entropy_q,KL_q_to_initial,KL_q_to_final,KL_q_to_true,KL_q_to_prior,entropy_initial,KL_initial_to_q,KL_initial_to_final,KL_initial_to_true,KL_initial_to_prior,entropy_final,KL_final_to_q,KL_final_to_initial,KL_final_to_true,KL_final_to_prior,entropy_true,KL_true_to_q,KL_true_to_initial,KL_true_to_final,KL_true_to_prior,entropy_prior,KL_prior_to_q,KL_prior_to_initial,KL_prior_to_final,KL_prior_to_true
0,0.5593962497913153,1.3132545249714527,1.0372263144343548,0,0.775867407651775,1.5299868194056012,-inf,0.9703647842772511,0.9703647842772511,1.910476588996314,0.16532909280863853,1.3132545249714527,0,1.0372263144343548,0.775867407651775,1.5299868194056012,0.0955955218697273,1.4637619552707206,2.6490503977081836,1.4637619552707206,3.200597824991595,2.8337483903640397,1.6054716357210859,0.2176643347406404,1.6054716357210859,2.551912091999616
