,entropy,KL_prior,log_prob,cal_err,map_err,MMD,KL,KL_rev,Time,KL_q_to_true,KL_q_to_prior,KL_true_to_q,KL_true_to_prior,KL_prior_to_q,KL_prior_to_true
0,1.2878112485927211,1.7699255209490379,-0.3634029030799866,0.40441837648153695,0.3210860796697855,0.2218129635419099,1.2639138754536108,0.5598527188807623,37.30638551712036,0.5440507293684353,1.7708217118112772,1.2434167268327916,3.218126881197794,1.8634941977192043,2.5971224365061887
