,entropy_initial,KL_initial_to_final,KL_initial_to_true,entropy_final,KL_final_to_initial,KL_final_to_true,entropy_true,KL_true_to_initial,KL_true_to_final
0,5.716534688603282,0.15101124148932998,0.36321034405053987,5.244723374843396,0.35586568195301915,0.0307899038111766,3.4594236972789574,1.482579031848565,1.00916788557376
