,entropy_initial,KL_initial_to_final,KL_initial_to_true,entropy_final,KL_final_to_initial,KL_final_to_true,entropy_true,KL_true_to_initial,KL_true_to_final
0,5.716534688603282,0.15271555915041268,0.36321034405053987,5.39924229858188,0.3319336697621142,0.20555530189383356,3.4594236972789574,1.482579031848565,1.1849327801657383
