,entropy,KL_prior,log_prob,cal_err,map_err,MMD,KL,KL_rev,Time,KL_q_to_true,KL_q_to_prior,KL_true_to_q,KL_true_to_prior,KL_prior_to_q,KL_prior_to_true
0,1.7116292926253056,4.178429825566863,-31.130748748779297,1.6295228826353285,2.140306321925334,0.5489580965239891,3.4389030210371265,4.353966336841361,171.1508195400238,4.355770102375649,4.1618059826969,3.4627502580623077,1.7437155972792349,1.7553335490231117,0.8359072220940792
