,entropy_initial,KL_initial_to_final,KL_initial_to_true,entropy_final,KL_final_to_initial,KL_final_to_true,entropy_true,KL_true_to_initial,KL_true_to_final
0,5.437711005401827,0.1692687875817331,0.3862292725472489,5.383598029889926,0.18309037056803948,0.15713532961547752,3.4400020712574833,1.3942509814903463,1.2301484932370919
