,entropy_initial,KL_initial_to_final,KL_initial_to_true,entropy_final,KL_final_to_initial,KL_final_to_true,entropy_true,KL_true_to_initial,KL_true_to_final
0,5.437711005401827,0.24959382852855788,0.3862292725472489,5.291266378025056,0.2739532139977785,0.08628655111887652,3.4400020712574833,1.3942509814903463,1.1997928575054109
