,FullGPVariationalStrategy,FullGPEntropyStrategy,FullGPIMSPEStrategy,FullGPRandomStrategy
entropy_initial,5.437711005401827,5.437711005401827,5.437711005401827,5.437711005401827
KL_initial_to_final,0.24959382852855788,0.0621468654046031,0.13140094346987488,0.1692687875817331
KL_initial_to_true,0.3862292725472489,0.3862292725472489,0.3862292725472489,0.3862292725472489
entropy_final,5.291266378025056,-inf,-inf,5.383598029889926
KL_final_to_initial,0.2739532139977785,0.12381936566551083,0.2570868338057301,0.18309037056803948
KL_final_to_true,0.08628655111887652,0.2895073921354495,0.3069796110390199,0.15713532961547752
entropy_true,3.4400020712574833,3.4400020712574833,3.4400020712574833,3.4400020712574833
KL_true_to_initial,1.3942509814903463,1.3942509814903463,1.3942509814903463,1.3942509814903463
KL_true_to_final,1.1997928575054109,1.2552769564016406,1.3372648984497115,1.2301484932370919
