,entropy,KL_prior,log_prob,cal_err,map_err,MMD,KL,KL_rev,Time,KL_q_to_true,KL_q_to_prior,KL_true_to_q,KL_true_to_prior,KL_prior_to_q,KL_prior_to_true
0,-0.7450185424103992,5.585231355594239,-64.61288452148438,2.269253328820889,2.49619055961347,0.5538105335655495,3.0135883959761998,4.20539214761398,189.07164072990417,4.190993340439029,5.566129902288832,3.00659253662581,1.6967475239546448,2.1313090726459714,0.7051012775027522
