,entropy_initial,KL_initial_to_final,KL_initial_to_true,entropy_final,KL_final_to_initial,KL_final_to_true,entropy_true,KL_true_to_initial,KL_true_to_final
0,-inf,0.061039789870018256,0.48162863924183175,-inf,0.2725640867123316,0.44168016420567147,2.745336932239394,1.6733876344758938,1.5086080516520959
