,entropy_initial,KL_initial_to_final,KL_initial_to_true,entropy_final,KL_final_to_initial,KL_final_to_true,entropy_true,KL_true_to_initial,KL_true_to_final
0,-inf,0.2237851653754076,0.48162863924183175,5.294432676965632,0.3235563495130657,0.21489424859822415,2.745336932239394,1.6733876344758938,1.3878715499175516
