,entropy_initial,KL_initial_to_final,KL_initial_to_true,entropy_final,KL_final_to_initial,KL_final_to_true,entropy_true,KL_true_to_initial,KL_true_to_final
0,-inf,0.2380551027872921,0.48162863924183175,-inf,0.3134045472161772,0.4740337277736267,2.745336932239394,1.6733876344758938,1.8049636736377295
