,entropy,KL_prior,log_prob,cal_err,map_err,MMD,KL,KL_rev,Time,KL_q_to_true,KL_q_to_prior,KL_true_to_q,KL_true_to_prior,KL_prior_to_q,KL_prior_to_true
0,9.249850656241213,3.785819655240504,-11.41480827331543,5.841987994383127,6.888241587735559,0.49324029032715583,7.077640495021148,4.037556382961379,228.95210766792297,4.0261091133110325,3.7757620241015446,7.069759483973127,2.036496972945139,4.789510601560851,0.8286810548408313
