,RMSE,entropy_q,KL_q_to_initial,KL_q_to_final,KL_q_to_true,KL_q_to_prior,entropy_initial,KL_initial_to_q,KL_initial_to_final,KL_initial_to_true,KL_initial_to_prior,entropy_final,KL_final_to_q,KL_final_to_initial,KL_final_to_true,KL_final_to_prior,entropy_true,KL_true_to_q,KL_true_to_initial,KL_true_to_final,KL_true_to_prior,entropy_prior,KL_prior_to_q,KL_prior_to_initial,KL_prior_to_final,KL_prior_to_true
0,0.5678097977750567,-inf,0.90921350491344,0,1.056826622381989,1.4424998253745511,2.8260647629064986,0.9455011168757712,0.9455011168757712,1.8941126823193786,0.175244116012567,-inf,0,0.90921350491344,1.056826622381989,1.4424998253745511,0.0955955218697273,1.7116431713544216,2.584979047732043,1.7116431713544216,3.2286518124831427,2.836560919499692,1.646279301304546,0.23331632218078377,1.646279301304546,2.613190237068765
