,RMSE,entropy_q,KL_q_to_initial,KL_q_to_final,KL_q_to_true,KL_q_to_prior,entropy_initial,KL_initial_to_q,KL_initial_to_final,KL_initial_to_true,KL_initial_to_prior,entropy_final,KL_final_to_q,KL_final_to_initial,KL_final_to_true,KL_final_to_prior,entropy_true,KL_true_to_q,KL_true_to_initial,KL_true_to_final,KL_true_to_prior,entropy_prior,KL_prior_to_q,KL_prior_to_initial,KL_prior_to_final,KL_prior_to_true
0,0.5808584304942453,2.2246418440427007,0.41062238712435917,0,0.8781265023042086,0.789716856080967,2.8260647629064986,0.3826732119907325,0.3826732119907325,1.8941126823193786,0.15908523684810338,2.2246418440427007,0,0.41062238712435917,0.8781265023042086,0.789716856080967,0.0955955218697273,1.62530114708809,2.584979047732043,1.62530114708809,3.15592660963234,2.794854376365688,0.8277126718292056,0.21797887177078357,0.8277126718292056,2.5553245628810894
