,entropy,KL_prior,log_prob,cal_err,map_err,MMD,KL,KL_rev,Time,KL_q_to_true,KL_q_to_prior,KL_true_to_q,KL_true_to_prior,KL_prior_to_q,KL_prior_to_true
0,1.2167574851495253,1.7731954197647861,-0.31601595878601074,0.3527782711600484,0.2638736934845654,0.20431933796338972,1.2269248080765753,0.5048756489736472,40.44159960746765,0.5251519762409597,1.7910273390445521,1.2311291102505721,3.2368434447094088,1.8638024565833202,2.5718439678549423
