,RMSE,entropy_q,KL_q_to_initial,KL_q_to_final,KL_q_to_true,KL_q_to_prior,entropy_initial,KL_initial_to_q,KL_initial_to_final,KL_initial_to_true,KL_initial_to_prior,entropy_final,KL_final_to_q,KL_final_to_initial,KL_final_to_true,KL_final_to_prior,entropy_true,KL_true_to_q,KL_true_to_initial,KL_true_to_final,KL_true_to_prior,entropy_prior,KL_prior_to_q,KL_prior_to_initial,KL_prior_to_final,KL_prior_to_true
0,0.591961384316027,2.0413606585576094,0.42272727281506345,0,0.4036489591388697,0.5305484194983927,2.451647247801824,0.24571836376918932,0.24571836376918932,0.9821368803664533,0.10888367966546862,2.0413606585576094,0,0.42272727281506345,0.4036489591388697,0.5305484194983927,0.23354970062534264,1.483923151633997,2.2733388668928565,1.483923151633997,2.5141094536368973,2.7953703579973848,0.23402898685589493,0.039232071107152204,0.23402898685589493,0.9591751138014025
