,RMSE,entropy_q,KL_q_to_initial,KL_q_to_final,KL_q_to_true,KL_q_to_prior,entropy_initial,KL_initial_to_q,KL_initial_to_final,KL_initial_to_true,KL_initial_to_prior,entropy_final,KL_final_to_q,KL_final_to_initial,KL_final_to_true,KL_final_to_prior,entropy_true,KL_true_to_q,KL_true_to_initial,KL_true_to_final,KL_true_to_prior,entropy_prior,KL_prior_to_q,KL_prior_to_initial,KL_prior_to_final,KL_prior_to_true
0,0.6106952777837023,-inf,0.05688161018877095,0,0.9548755837194718,0.19165046203319408,2.451647247801824,0.021325793844924508,0.021325793844924508,0.9821368803664533,0.11389546380276372,-inf,0,0.05688161018877095,0.9548755837194718,0.19165046203319408,0.23354970062534264,2.180920954081754,2.2733388668928565,2.180920954081754,2.5275042939934087,2.8412995426031955,0.087398015043787,0.03600062176263048,0.087398015043787,0.9627165191162665
