,RMSE,entropy_q,KL_q_to_initial,KL_q_to_final,KL_q_to_true,KL_q_to_prior,entropy_initial,KL_initial_to_q,KL_initial_to_final,KL_initial_to_true,KL_initial_to_prior,entropy_final,KL_final_to_q,KL_final_to_initial,KL_final_to_true,KL_final_to_prior,entropy_true,KL_true_to_q,KL_true_to_initial,KL_true_to_final,KL_true_to_prior,entropy_prior,KL_prior_to_q,KL_prior_to_initial,KL_prior_to_final,KL_prior_to_true
0,0.6549151891209872,-inf,inf,inf,inf,inf,2.451647247801824,3.0290870872084463,0.1372097174678398,0.9821368803664533,0.12115891630442682,-inf,2.6794936382252454,0.21536311043216003,0.6971075692026385,0.3744412384778756,0.23354970062534264,4.906811437347534,2.2733388668928565,2.003353321829762,2.474084341806541,2.863068176503817,3.0141398924126133,0.050086782548282076,0.189358411718715,0.9578816445439989
