,entropy,KL_prior,log_prob,cal_err,map_err,MMD,KL,KL_rev,Time,KL_q_to_true,KL_q_to_prior,KL_true_to_q,KL_true_to_prior,KL_prior_to_q,KL_prior_to_true
0,1.462777112131886,1.187768872845802,-0.14108547568321228,0.516586479994789,0.06469078168998287,0.27307925364221425,1.7435495667047178,0.4011265860435272,41.41698932647705,0.4224983501797922,1.2304520034295072,1.8928637682909806,2.5920260480758284,0.8367794701860132,0.998921694761647
