,RMSE,entropy_q,KL_q_to_initial,KL_q_to_final,KL_q_to_true,KL_q_to_prior,entropy_initial,KL_initial_to_q,KL_initial_to_final,KL_initial_to_true,KL_initial_to_prior,entropy_final,KL_final_to_q,KL_final_to_initial,KL_final_to_true,KL_final_to_prior,entropy_true,KL_true_to_q,KL_true_to_initial,KL_true_to_final,KL_true_to_prior,entropy_prior,KL_prior_to_q,KL_prior_to_initial,KL_prior_to_final,KL_prior_to_true
0,0.664052785116938,-inf,inf,inf,inf,inf,2.541649265799604,2.9749897316637286,0.08891237169568082,0.9295381594794276,0.09175459987561002,-inf,2.7161325262164846,0.15455639442863933,0.7873015263375525,0.2906481000477194,0.23354970062534264,4.927996774804192,2.2967989626263434,2.132267400251627,2.509346389028218,2.8082997357290447,2.9673893649679313,0.04515631652089183,0.15470634654930768,0.9555202580080945
