,RMSE,entropy_q,KL_q_to_initial,KL_q_to_final,KL_q_to_true,KL_q_to_prior,entropy_initial,KL_initial_to_q,KL_initial_to_final,KL_initial_to_true,KL_initial_to_prior,entropy_final,KL_final_to_q,KL_final_to_initial,KL_final_to_true,KL_final_to_prior,entropy_true,KL_true_to_q,KL_true_to_initial,KL_true_to_final,KL_true_to_prior,entropy_prior,KL_prior_to_q,KL_prior_to_initial,KL_prior_to_final,KL_prior_to_true
0,0.5822364057680525,2.1129074473756067,0.4224308892079991,0,0.42950410425861363,0.5377273192492301,2.541649265799604,0.23471835952546424,0.23471835952546424,0.9295381594794276,0.09262978411972783,2.1129074473756067,0,0.4224308892079991,0.42950410425861363,0.5377273192492301,0.23354970062534264,1.47817694699077,2.2967989626263434,1.47817694699077,2.5257969687617705,2.8252194077772987,0.26505065165203917,0.034183987178074186,0.26505065165203917,0.9542108871361643
