,entropy,KL_prior,log_prob,cal_err,map_err,MMD,KL,KL_rev,Time,KL_q_to_true,KL_q_to_prior,KL_true_to_q,KL_true_to_prior,KL_prior_to_q,KL_prior_to_true
0,1.5079284199760563,1.0772125357653608,-0.21002015471458435,0.5648332806803038,0.11824317672998094,0.2633429876821758,1.928708977141303,0.4200137246170797,41.24310803413391,0.4365558931027039,1.098142542464129,1.978939245924967,2.5811978332381926,0.6888275254366248,0.9742939881136533
